clean_name,target_account_name
txnparking,Retainer Income
cardmaintenance,Senior Citizen Savings Schemes
txnzomato,Freelance Equipment
carduber,Payment Gateway Fees
electronics,Travel & Holidays
billtrain,Investments
onlinetrain,Irrigation & Electricity
onlinegasbill,Business Loans
billdonation,Direct Labor
onlinewifi,Business Equipment
collegefees,Groceries
onlinemaintenance,Cashbacks & Refunds
amazon,Retirement Funds
cardeducation,Legal & Professional Services
collegefees,Farm Machinery
schoolfees,Employee Provident Fund
billrent,Professional Equipment
onlinesubscription,Work Equipment & Home Office
billmaintenance,Vehicles
zomato,Work Equipment & Home Office
mcdonalds,Salary
onlinecharity,Harvested Inventory
paymentgym,Employee Provident Fund
hotel,Subscriptions
billsalary,Senior Insurance Premiums
cardconsulting,Royalties & Licensing
onlinetrain,Family Support
rent,Freelance Project Income
collegefees,Credit Cards
recharge,Rent / Housing Maintenance
gasbill,Clothing & Personal Care
amazon,Caregiver Services
paymentcollegefees,Shipping / Delivery Income
pizza,Clothing & Personal Care
billrepair,Software & Digital Tools
tax,Gifts & Donations
schoolfees,Commission Income
billspotify,Interest Income
paymentburger,Crop Loans
salary,Books & Study Materials
paymentdiesel,Accounts Receivable
paymentvegetables,Healthcare & Medical
billola,Family Support
cardvegetables,Trade Receivables
billgym,Bank Accounts
cardparking,Retained Earnings
txnrepair,Livestock
onlineamazon,Retirement Funds
billdominos,Project Revenue
netflix,Farm Machinery
cardrepair,Crop Sales
paymentdominos,Bank Accounts
cardbonus,Platform Commission Income
cardswiggy,Digital Wallets
txndiesel,Insurance Premiums
onlinewifi,Reimbursements
txnswiggy,Utility Bills Payable
flipkart,Fuel
billola,Allowances / Pocket Money
subscription,Pilgrimage Travel
txnpharmacy,Farm Labor
onlinepizza,Professional Memberships
billtax,Supplier Discounts
electricity,Professional Equipment
maintenance,Retirement Funds
onlinevegetables,Utility Bills Payable
paymentmobile,Internet & Phone
cardyoutube,Payment Gateway Fees
parking,Restaurants & Food Delivery
vegetables,Office Rent
cardgym,Exam & Application Fees
txnyoutube,Loans Payable
billpizza,Professional Equipment
zomato,Accounts Receivable
txnyoutube,GST Input Credit
txnrent,Subscriptions
onlinevegetables,Learning & Professional Development
txninvestment,Opening Balance Equity
billhotel,Equipment Loans
txnpetrol,Professional Development
petrol,Crop Loans
cardcharity,Digital Wallets
onlineamazon,Crop Sales
billdonation,Retained Earnings
txnfuel,Student Activities & Clubs
hotel,Supplier Discounts
onlinedominos,GST Input Credit
billbonus,Dairy Income
onlinerecharge,Statutory Dues Payable
flipkart,Service Revenue
cardtoll,Cashbacks & Refunds
hospital,Platform Commission Income
txnrent,Gifts & Donations
onlinegasbill,Employee Provident Fund
paymentcharity,Senior Insurance Premiums
cardfreelance,Bonuses & Incentives
electricity,Subscriptions
paymentgst,Allowances / Pocket Money
carddiesel,Internet & Phone
paymentconsulting,Tuition & Academic Fees
paymentrent,Healthcare & Medical
paymentrecharge,Co-working Space
maintenance,Reimbursements
txnsubscription,Retirement Funds
billyoutube,Learning & Professional Development
tax,Supplier Discounts
donation,Machinery Fuel & Maintenance
medical,Subcontractor Payments
billmcdonalds,Subscriptions
salary,Digital Wallets
toll,Retainer Income
billinsurance,Estate Planning & Legal Fees
txninternet,Equipment Rental Income
cardfreelance,Platform Commission Income
cardmutualfund,Senior Insurance Premiums
tax,Fuel
electricity,Rent / Housing Maintenance
onlineola,Groceries
cardwaterbill,Cashbacks & Refunds
billwaterbill,Inventory / Stock
txngst,Purchases
onlinehotel,Crop Loans
diesel,Professional Memberships
onlineshopping,Interest Income
train,Internet & Phone
txncollegefees,Employee Salaries
cardtoll,Real Estate / Property
electricity,Direct Labor
cardburger,Inventory / Stock
paymentmaintenance,Bank Charges & Fees
billbonus,Dividend Income
billcharity,Healthcare & Medical
ola,Interest Income
paymentinsurance,Senior Citizen Savings Schemes
fuel,Books & Study Materials
txnshopping,Government Subsidies
netflix,Loans Payable
paymentmetro,Statutory Dues Payable
paymentmedical,Work Equipment & Home Office
txnfuel,Crop Loans
onlineburger,Dairy Income
paymentnetflix,Agricultural Land
diesel,Utility Bills Payable
txnnetflix,Royalties & Licensing
billmobile,Exam & Application Fees
cardgst,Livestock
onlineparking,Subscriptions
onlinedonation,Accounts Receivable
paymentdonation,Employee Salaries
onlinezomato,Pilgrimage Travel
paymentvegetables,Business Travel
cardrepair,Annuity Payouts
billshopping,Rent / Housing Maintenance
onlineshopping,Allowances / Pocket Money
txnservicecharge,Government Subsidies
paymentinvestment,Livestock Feed & Veterinary Care
billfreelance,Machinery Fuel & Maintenance
txnsalary,Legal & Professional Services
electricity,Caregiver Services
insurance,Books & Study Materials
youtube,Travel & Holidays
paymentmedical,Machinery Fuel & Maintenance
recharge,Tuition & Academic Fees
billgst,Trade Receivables
txnnetflix,Livestock Feed & Veterinary Care
swiggy,Royalties & Licensing
txngym,Office Rent
carduber,Consulting Fees
onlineconsulting,Electronics & Equipment
onlinevegetables,Books & Study Materials
gasbill,Farm Machinery
billtrain,Payment Gateway Fees
billtrain,Purchases
cardtrain,Consulting Fees
billgasbill,Bank Charges & Fees
paymentgroceries,Business Equipment
billmcdonalds,Work Equipment & Home Office
hospital,Business Equipment
onlineflight,Internet & Phone
onlinemetro,Pilgrimage Travel
paymentshopping,Employee Provident Fund
rent,Senior Healthcare
internet,Work Equipment & Home Office
onlinespotify,Healthcare & Medical
onlinedonation,Payment Gateway Fees
cardwaterbill,Retainer Income
billdiesel,Rental Income
paymentschoolfees,Professional Memberships
txninsurance,Clothing & Personal Care
paymentyoutube,Senior Insurance Premiums
billconsulting,Exam & Application Fees
txnpizza,Legal & Professional Services
cardola,Student Activities & Clubs
billamazon,Entertainment & Media
onlineswiggy,Client Meetings & Travel
txninvestment,Entertainment & Media
billgym,GST Input Credit
servicecharge,Co-working Space
paymentwifi,Electronics & Equipment
cardshopping,Fuel
txnamazon,Interest Income
txninvestment,Freight / Logistics
billtoll,Rental Income
cardburger,Utility Bills Payable
billinternet,Business Travel
txnfreelance,Learning & Professional Development
onlineinsurance,Equipment Loans
onlineswiggy,Professional Development
cardmedical,Business Travel
paymentmobile,Credit Cards
schoolfees,Cashbacks & Refunds
cardwaterbill,Vehicles
billpharmacy,Royalties & Licensing
txnmedical,Freight / Logistics
cardschoolfees,Statutory Dues Payable
internet,Business Travel
cardeducation,Irrigation & Electricity
billwaterbill,Business Loans
hospital,Co-working Space
billuber,Freelance Project Income
paymentconsulting,Irrigation & Electricity
investment,Bank Charges & Fees
paymentvegetables,Statutory Dues Payable
billgroceries,Business Equipment
consulting,Payment Gateway Fees
txnsubscription,Clothing & Personal Care
txntoll,Gifts & Donations
flight,Books & Study Materials
txnschoolfees,Senior Insurance Premiums
paymentola,Agricultural Land
onlineservicecharge,Business Equipment
mobile,Royalties & Licensing
txntax,Service Revenue
txnburger,Cash on Hand
billflight,Trade Payables
uber,Service Revenue
rent,Subscriptions
pharmacy,Restaurants & Food Delivery
billpetrol,Utility Bills Payable
paymentinsurance,Retirement Funds
billmaintenance,Livestock
medical,Annuity Payouts
cardschoolfees,Consulting Fees
onlineburger,Pilgrimage Travel
txngst,Family Support
pharmacy,Opening Balance Equity
billschoolfees,Electricity & Water
paymentrepair,Employee Salaries
cardsubscription,Freelance Equipment
cardclothes,Internship Stipend
billsubscription,Groceries
tax,Freelance Equipment
txnflipkart,Retained Earnings
onlinesalary,Healthcare & Medical
onlinesalary,Retirement Funds
onlineinsurance,Learning & Professional Development
txnclothes,Dairy Income
onlinemobile,Student Activities & Clubs
billzomato,Bank Charges & Fees
cardpizza,Employee Provident Fund
maintenance,Freight / Logistics
onlinetax,Farm Machinery
netflix,Bonuses & Incentives
cardgroceries,Platform Commission Income
paymentspotify,Client Meetings & Travel
billclothes,Entertainment & Media
cardservicecharge,Government Subsidies
fuel,TDS Receivable
cardelectronics,TDS Receivable
billshopping,Royalties & Licensing
paymentwaterbill,Retained Earnings
onlinehospital,Learning & Professional Development
electronics,Payment Gateway Fees
txnrecharge,Freelance Project Income
cardrepair,Co-working Space
paymentburger,Shipping / Delivery Income
cardhospital,Office Rent
carduber,Business Loans
onlinehotel,Freight / Logistics
cardgroceries,Books & Study Materials
onlinevegetables,Reimbursements
onlinegroceries,Legal & Professional Services
paymentnetflix,Scholarships & Grants
onlinemetro,Service Revenue
paymentwifi,Vehicle Maintenance & Tolls
clothes,Trade Payables
charity,Payment Gateway Fees
paymenttoll,Marketing & Advertising
paymentuber,Loans Payable
spotify,Trade Receivables
onlinetax,Statutory Dues Payable
medical,Electricity & Water
clothes,Freight / Logistics
billmobile,Client Meetings & Travel
onlinecharity,GST Input Credit
txntrain,Fuel
paymentflipkart,Books & Study Materials
parking,Reimbursements
groceries,Business Equipment
cardtax,Work Equipment & Home Office
cardelectronics,Hostel & Mess Charges
txnnetflix,Machinery Fuel & Maintenance
billschoolfees,GST Input Credit
paymenthospital,Pension Income
gasbill,Retirement Funds
onlineparking,Machinery Fuel & Maintenance
onlinerent,Professional Development
dominos,Employee Salaries
paymentmobile,Competition Prizes
paymenthospital,Electricity & Water
onlineyoutube,Tuition & Academic Fees
onlineuber,Farm Labor
txnsalary,Internet & Phone
billmobile,Vehicles
vegetables,TDS Receivable
hotel,Books & Study Materials
carduber,Scholarships & Grants
onlinefreelance,Pilgrimage Travel
paymentservicecharge,Professional Equipment
onlinehospital,Learning & Professional Development
billsalary,Commission Income
paymentmedical,Company Stock / ESOPs
onlinehospital,Bank Accounts
onlinehospital,Company Stock / ESOPs
cardsalary,Exam & Application Fees
medical,Seeds & Fertilizers
zomato,Seeds & Fertilizers
onlinedominos,Annuities
billrepair,Loans Payable
txntoll,Internship Stipend
txnpetrol,Annuity Payouts
txnrent,Equipment Loans
txnrecharge,Internship Stipend
cardparking,Co-working Space
toll,Senior Insurance Premiums
paymentnetflix,Internet & Phone
mutualfund,Vehicle Maintenance & Tolls
paymentclothes,Hostel & Mess Charges
billnetflix,Learning & Professional Development
diesel,Freelance Project Income
onlinerecharge,Consulting Fees
paymentspotify,Exam & Application Fees
cardpizza,Exam & Application Fees
cardpetrol,Freelance Equipment
billcollegefees,Tuition & Academic Fees
onlineshopping,Accounts Receivable
txnzomato,Public Transport / Cabs
txnparking,Healthcare & Medical
netflix,Farm Labor
txnpharmacy,Consulting Fees
txninternet,Payment Gateway Fees
swiggy,Employee Salaries
cardmutualfund,Public Transport / Cabs
onlinecharity,Electricity & Water
onlinedonation,Purchases
paymentburger,Business Travel
txnmaintenance,Entertainment & Media
repair,Internet & Phone
onlineeducation,Trade Receivables
onlinetrain,Employee Provident Fund
billservicecharge,Equipment Loans
billgasbill,Statutory Dues Payable
onlinemetro,GST Input Credit
billcharity,Bank Accounts
consulting,Opening Balance Equity
billinvestment,Retirement Funds
billschoolfees,Allowances
uber,Rental Income
toll,Business Equipment
billparking,Subcontractor Payments
paymenttax,Bonuses & Incentives
billparking,Dairy Income
mutualfund,Royalties & Licensing
billinternet,Inventory / Stock
salary,Product Sales
txnuber,Hostel & Mess Charges
cardzomato,Scholarships & Grants
cardinternet,Senior Citizen Savings Schemes
metro,Crop Sales
billmobile,Rental Income
billmaintenance,Statutory Dues Payable
internet,Project Revenue
paymentrecharge,Rent / Housing Maintenance
cardtrain,Family Support
subscription,Senior Healthcare
onlineelectricity,Annuities
onlinespotify,Annuities
paymentmetro,Purchases
cardfreelance,Legal & Professional Services
mobile,Co-working Space
billdiesel,Annuity Payouts
txnflipkart,Commission Income
onlinedominos,Caregiver Services
cardyoutube,Inventory / Stock
txninsurance,Tuition & Academic Fees
cardwaterbill,Livestock
txnmobile,Hostel & Mess Charges
cardinternet,Retained Earnings
amazon,Product Sales
amazon,Hostel & Mess Charges
cardspotify,Tuition & Academic Fees
billbonus,Farm Machinery
gst,Books & Study Materials
onlinehospital,Dividend Income
onlineswiggy,Business Travel
cardgroceries,Dairy Income
billgroceries,Freelance Equipment
billpetrol,Bank Accounts
onlinepharmacy,Rental Income
groceries,Seeds & Fertilizers
paymentuber,Trade Payables
mobile,Senior Citizen Savings Schemes
billparking,Electronics & Equipment
ola,Estate Planning & Legal Fees
pharmacy,Loans Payable
rent,Allowances
paymentwaterbill,Farm Machinery
txncharity,Opening Balance Equity
dominos,Business Travel
pizza,Learning & Professional Development
billgasbill,Statutory Dues Payable
txngst,Vehicles
gym,Rental Income
paymentwaterbill,Internship Stipend
paymentcollegefees,Business Equipment
billgym,Co-working Space
paymentschoolfees,Learning & Professional Development
paymentgst,Public Transport / Cabs
gasbill,Freight / Logistics
paymenthotel,Learning & Professional Development
txnfuel,Allowances / Pocket Money
cardcollegefees,Employee Provident Fund
paymentinsurance,Utility Bills Payable
cardpetrol,Loans Payable
billelectronics,Retained Earnings
onlinetoll,Co-working Space
toll,Business Travel
onlinepetrol,Allowances
gasbill,Estate Planning & Legal Fees
onlinerecharge,Service Revenue
billrent,Investments
bonus,Books & Study Materials
donation,Insurance Premiums
metro,Subcontractor Payments
cardola,Statutory Dues Payable
pizza,Work Equipment & Home Office
shopping,Restaurants & Food Delivery
billswiggy,Equipment Rental Income
cardfuel,Crop Loans
onlinemutualfund,Dairy Income
collegefees,Travel & Holidays
paymentwifi,Family Support
txnbonus,Tuition & Academic Fees
dominos,Subcontractor Payments
carddonation,Office Rent
cardtoll,Equipment Rental Income
billsalary,Public Transport / Cabs
bonus,TDS Receivable
onlinedonation,Harvested Inventory
pizza,Caregiver Services
salary,GST Input Credit
insurance,Interest Income
txnswiggy,Groceries
onlinefuel,Estate Planning & Legal Fees
swiggy,Shipping / Delivery Income
toll,Direct Labor
txnelectronics,Trade Payables
billpetrol,Harvested Inventory
dominos,Employee Salaries
cardflight,Investments
tax,Bank Charges & Fees
paymenteducation,Employee Provident Fund
paymentola,Pilgrimage Travel
paymentola,Public Transport / Cabs
onlinevegetables,Product Sales
paymentbonus,Service Revenue
billspotify,Legal & Professional Services
cardtoll,Accounts Receivable
onlineclothes,Freight / Logistics
onlineclothes,Work Equipment & Home Office
cardburger,Supplier Discounts
onlinemedical,Rental Income
onlinesalary,Clothing & Personal Care
onlinetrain,Employee Salaries
diesel,Fuel
txngym,Entertainment & Media
cardswiggy,Restaurants & Food Delivery
txntoll,Loans Payable
paymentdominos,Estate Planning & Legal Fees
onlineuber,Scholarships & Grants
billbonus,Supplier Discounts
txnwaterbill,TDS Receivable
onlineservicecharge,Software & Digital Tools
billpizza,Work Equipment & Home Office
carddonation,Reimbursements
cardzomato,Investments
diesel,Purchases
txninternet,Vehicles
txnconsulting,Livestock Feed & Veterinary Care
txnhospital,Senior Insurance Premiums
groceries,Interest Income
vegetables,Reimbursements
clothes,Digital Wallets
txnconsulting,Electricity & Water
billcollegefees,Purchases
cardgym,Rent / Housing Maintenance
txnhotel,Software & Digital Tools
billshopping,Family Support
paymentdominos,Employee Provident Fund
txnflipkart,Agricultural Land
cardgroceries,Business Loans
billservicecharge,Digital Wallets
txntoll,Shipping / Delivery Income
cardparking,Service Revenue
txnyoutube,Tuition & Academic Fees
education,Electricity & Water
ola,Agricultural Land
txntoll,Business Loans
cardmcdonalds,Annuity Payouts
cardparking,Employee Salaries
txnzomato,Equipment Loans
billfuel,Senior Insurance Premiums
petrol,Allowances / Pocket Money
txnnetflix,TDS Receivable
paymentconsulting,Trade Receivables
dominos,Dividend Income
mutualfund,Platform Commission Income
onlinebonus,Inventory / Stock
cardservicecharge,Gifts & Donations
onlinefuel,Clothing & Personal Care
spotify,Vehicle Maintenance & Tolls
onlineinternet,TDS Receivable
billamazon,Livestock
txnmobile,Pilgrimage Travel
education,Gifts & Donations
hospital,Subscriptions
onlineservicecharge,Product Sales
recharge,Bonuses & Incentives
train,Electronics & Equipment
onlinepetrol,Project Revenue
billuber,Co-working Space
onlinepizza,Legal & Professional Services
paymentmutualfund,Bank Accounts
gst,Business Equipment
flight,Scholarships & Grants
onlineelectricity,Electricity & Water
medical,Subcontractor Payments
billmaintenance,GST Input Credit
paymenttoll,Electronics & Equipment
fuel,Rent / Housing Maintenance
uber,Professional Development
cardspotify,Dividend Income
onlineswiggy,Public Transport / Cabs
txnmutualfund,Digital Wallets
maintenance,Employee Salaries
bonus,Clothing & Personal Care
paymentfreelance,Allowances / Pocket Money
onlinetoll,Supplier Discounts
txndonation,Bank Accounts
billcharity,Bonuses & Incentives
cardconsulting,Consulting Fees
onlineflipkart,Livestock Feed & Veterinary Care
txnflight,GST Input Credit
onlineflight,Annuities
billtax,Government Subsidies
billeducation,Business Travel
diesel,Cashbacks & Refunds
maintenance,Internship Stipend
paymentclothes,Subscriptions
maintenance,Agricultural Land
flight,Payment Gateway Fees
onlineclothes,Books & Study Materials
txntax,Business Equipment
cardrecharge,Harvested Inventory
txntax,Dairy Income
shopping,Payment Gateway Fees
billflipkart,Senior Insurance Premiums
cardmedical,Business Travel
txninternet,Allowances / Pocket Money
billrecharge,Senior Insurance Premiums
internet,Service Revenue
onlinediesel,Livestock
txnhotel,TDS Receivable
paymentrent,Employee Provident Fund
txnsalary,Business Travel
cardzomato,Groceries
netflix,Trade Receivables
spotify,Business Equipment
txngroceries,Credit Cards
onlinemcdonalds,Pilgrimage Travel
pharmacy,Digital Wallets
tax,Machinery Fuel & Maintenance
onlineelectricity,Gifts & Donations
train,Annuity Payouts
onlinesalary,Learning & Professional Development
paymentconsulting,Annuities
paymenttoll,Accounts Receivable
txninsurance,Government Subsidies
billpharmacy,Retainer Income
recharge,Senior Citizen Savings Schemes
billmetro,Shipping / Delivery Income
onlineyoutube,Allowances / Pocket Money
billgym,Professional Memberships
flipkart,Marketing & Advertising
cardfuel,Farm Labor
txnclothes,Senior Citizen Savings Schemes
mcdonalds,Supplier Discounts
billmcdonalds,Supplier Discounts
cardtoll,Vehicle Maintenance & Tolls
carddonation,Loans Payable
txnamazon,Direct Labor
cardmaintenance,Royalties & Licensing
cardtax,Learning & Professional Development
onlineelectronics,Platform Commission Income
paymentmetro,Vehicles
billparking,Purchases
onlinerecharge,Equipment Loans
metro,Subcontractor Payments
uber,Estate Planning & Legal Fees
billzomato,Business Travel
billbonus,Credit Cards
onlinedonation,Co-working Space
txnburger,Loans Payable
paymenthospital,Payment Gateway Fees
onlinediesel,Retainer Income
cardclothes,Internship Stipend
dominos,Allowances / Pocket Money
txnelectricity,Equipment Loans
carddiesel,Pension Income
cardgst,Hostel & Mess Charges
billtoll,Subscriptions
billgym,Product Sales
gst,Insurance Premiums
txninsurance,Senior Citizen Savings Schemes
waterbill,Reimbursements
paymenttoll,Consulting Fees
billelectronics,Groceries
education,Competition Prizes
onlineflipkart,Electricity & Water
onlineparking,Office Rent
paymentmedical,Retainer Income
schoolfees,Subscriptions
txnmcdonalds,Dividend Income
billmetro,Professional Development
paymenttrain,Internet & Phone
cardzomato,Shipping / Delivery Income
cardwifi,Company Stock / ESOPs
youtube,Reimbursements
parking,Pilgrimage Travel
paymentgym,Internet & Phone
spotify,Employee Provident Fund
billuber,Healthcare & Medical
txnservicecharge,Estate Planning & Legal Fees
flipkart,Purchases
billgst,Pilgrimage Travel
txnrecharge,Product Sales
diesel,Co-working Space
billinternet,Insurance Premiums
txnservicecharge,Consulting Fees
onlinetrain,Equipment Loans
paymentbonus,Crop Sales
pharmacy,Insurance Premiums
onlinepharmacy,Vehicle Maintenance & Tolls
onlinemaintenance,Royalties & Licensing
txnzomato,Supplier Discounts
txnvegetables,Company Stock / ESOPs
collegefees,Rental Income
paymentbonus,Professional Development
billyoutube,Competition Prizes
onlinerecharge,Office Rent
cardburger,Digital Wallets
onlinemcdonalds,Payment Gateway Fees
paymentmobile,Seeds & Fertilizers
txnmutualfund,Farm Machinery
shopping,Subcontractor Payments
mobile,Bank Charges & Fees
paymentflipkart,Allowances / Pocket Money
dominos,Allowances
freelance,Allowances
billmutualfund,Retirement Funds
zomato,Professional Development
onlineparking,Reimbursements
billsalary,Loans Payable
cardclothes,Reimbursements
vegetables,Insurance Premiums
onlinemobile,Agricultural Land
txnbonus,Senior Insurance Premiums
billgst,Senior Healthcare
swiggy,Freight / Logistics
paymentspotify,Clothing & Personal Care
servicecharge,Shipping / Delivery Income
charity,Livestock Feed & Veterinary Care
onlinesalary,Bank Charges & Fees
rent,Interest Income
repair,Inventory / Stock
schoolfees,Pilgrimage Travel
tax,Competition Prizes
cardmobile,Entertainment & Media
txntoll,Healthcare & Medical
billsubscription,Gifts & Donations
billinvestment,Senior Healthcare
swiggy,Gifts & Donations
tax,Client Meetings & Travel
paymentinsurance,Service Revenue
gasbill,Purchases
cardflipkart,Pilgrimage Travel
groceries,Real Estate / Property
paymentmedical,Freelance Project Income
amazon,Tuition & Academic Fees
carduber,Cash on Hand
billeducation,Royalties & Licensing
paymentinternet,Freelance Equipment
txngst,Equipment Rental Income
cardbonus,Trade Payables
dominos,Equipment Rental Income
billmutualfund,Agricultural Land
tax,Supplier Discounts
onlinefuel,Travel & Holidays
billwifi,Rental Income
onlinewifi,TDS Receivable
cardelectronics,Cashbacks & Refunds
repair,Dairy Income
paymenteducation,Legal & Professional Services
servicecharge,Dairy Income
cardinsurance,Estate Planning & Legal Fees
billmetro,Crop Loans
txnhospital,Machinery Fuel & Maintenance
onlineschoolfees,Software & Digital Tools
onlinedonation,Learning & Professional Development
onlinespotify,Harvested Inventory
netflix,Scholarships & Grants
subscription,Livestock
cardhotel,Work Equipment & Home Office
txnmutualfund,Insurance Premiums
rent,Legal & Professional Services
onlinesalary,Loans Payable
consulting,Bonuses & Incentives
onlineschoolfees,Livestock Feed & Veterinary Care
cardschoolfees,Pension Income
txnamazon,Livestock Feed & Veterinary Care
onlinerent,Insurance Premiums
maintenance,Learning & Professional Development
billmaintenance,Project Revenue
paymentmetro,Insurance Premiums
charity,Bank Accounts
donation,Vehicle Maintenance & Tolls
cardfuel,Entertainment & Media
billola,Inventory / Stock
onlinegroceries,Clothing & Personal Care
billinvestment,Subscriptions
shopping,Shipping / Delivery Income
cardtoll,Trade Receivables
txnmobile,GST Input Credit
onlinedominos,Real Estate / Property
paymentmaintenance,Clothing & Personal Care
paymentuber,Machinery Fuel & Maintenance
cardbonus,Direct Labor
donation,Insurance Premiums
txnmobile,Equipment Rental Income
cardhotel,Caregiver Services
cardmetro,Equipment Loans
cardmcdonalds,Dividend Income
txnvegetables,Electricity & Water
onlinewifi,Reimbursements
onlinenetflix,GST Input Credit
maintenance,Bank Accounts
paymenthotel,Investments
billrent,Harvested Inventory
donation,Trade Payables
onlinerent,Bank Charges & Fees
paymentamazon,Platform Commission Income
onlinetax,Caregiver Services
petrol,Utility Bills Payable
cardeducation,Exam & Application Fees
pharmacy,Irrigation & Electricity
cardfuel,Harvested Inventory
onlineclothes,Project Revenue
txndiesel,Learning & Professional Development
onlinemobile,Learning & Professional Development
billsubscription,Supplier Discounts
cardeducation,Pilgrimage Travel
billola,Dairy Income
paymentclothes,Dividend Income
cardola,Pension Income
billservicecharge,TDS Receivable
paymentmaintenance,Hostel & Mess Charges
carddominos,Consulting Fees
onlinemobile,Caregiver Services
txninvestment,Internet & Phone
txnmcdonalds,Software & Digital Tools
onlinewifi,Public Transport / Cabs
amazon,Service Revenue
paymentzomato,Freelance Project Income
schoolfees,Payment Gateway Fees
billgroceries,Pension Income
pizza,Co-working Space
onlineshopping,Cash on Hand
onlineyoutube,Gifts & Donations
mcdonalds,Purchases
onlinecharity,Exam & Application Fees
consulting,Real Estate / Property
schoolfees,Estate Planning & Legal Fees
onlineservicecharge,Farm Machinery
paymentparking,Electronics & Equipment
cardzomato,Annuity Payouts
billrecharge,Vehicle Maintenance & Tolls
paymentsubscription,Accounts Receivable
uber,Irrigation & Electricity
paymentdiesel,Internship Stipend
electronics,Utility Bills Payable
paymentbonus,Pilgrimage Travel
onlinezomato,Seeds & Fertilizers
txninsurance,Machinery Fuel & Maintenance
paymentconsulting,Retainer Income
cardpetrol,Farm Labor
txnhospital,Accounts Receivable
txnfreelance,Agricultural Land
billinsurance,Equipment Rental Income
txnshopping,Dairy Income
paymentwaterbill,Machinery Fuel & Maintenance
shopping,Pension Income
cardburger,Allowances / Pocket Money
txnshopping,Reimbursements
onlinerecharge,Fuel
txngroceries,Crop Loans
billeducation,GST Input Credit
paymentnetflix,Purchases
txnmcdonalds,Machinery Fuel & Maintenance
billservicecharge,Annuities
repair,Electronics & Equipment
paymentmedical,Vehicle Maintenance & Tolls
cardburger,Student Activities & Clubs
onlineola,Caregiver Services
onlineschoolfees,Clothing & Personal Care
mobile,Professional Memberships
billmutualfund,Direct Labor
paymentschoolfees,Service Revenue
txnburger,Gifts & Donations
cardpharmacy,Platform Commission Income
burger,Entertainment & Media
dominos,Fuel
txndominos,Service Revenue
diesel,Restaurants & Food Delivery
electricity,Trade Receivables
onlinetrain,Freelance Project Income
onlineschoolfees,Employee Provident Fund
onlineinvestment,Entertainment & Media
onlinedonation,GST Input Credit
paymentwifi,TDS Receivable
txnfreelance,Dividend Income
mcdonalds,Equipment Rental Income
paymentdonation,Loans Payable
paymentrent,Subcontractor Payments
cardconsulting,Professional Memberships
billgasbill,Tuition & Academic Fees
carddiesel,Public Transport / Cabs
txnmutualfund,Electricity & Water
groceries,Retainer Income
billamazon,Exam & Application Fees
onlinemutualfund,Annuity Payouts
netflix,Crop Sales
paymentmcdonalds,Business Loans
txngasbill,Business Equipment
onlinesubscription,Direct Labor
collegefees,Crop Loans
paymentrecharge,Annuity Payouts
paymentburger,GST Input Credit
onlineuber,Cashbacks & Refunds
txnmutualfund,Direct Labor
cardola,Professional Memberships
txneducation,Tuition & Academic Fees
diesel,Bank Accounts
paymenteducation,Statutory Dues Payable
tax,Retirement Funds
paymentola,Freight / Logistics
onlinerent,Crop Sales
pharmacy,Accounts Receivable
subscription,Business Equipment
billinternet,Family Support
txntoll,Business Travel
uber,Cashbacks & Refunds
billmetro,Retainer Income
billpharmacy,TDS Receivable
cardspotify,Bank Charges & Fees
uber,Real Estate / Property
billpizza,Insurance Premiums
txnhospital,Estate Planning & Legal Fees
billgasbill,Digital Wallets
wifi,Cash on Hand
billeducation,Annuity Payouts
hotel,Pilgrimage Travel
investment,Internship Stipend
cardtax,Allowances / Pocket Money
cardrepair,Books & Study Materials
ola,Annuities
txnpharmacy,Annuity Payouts
billmaintenance,Platform Commission Income
txnburger,Client Meetings & Travel
onlinemcdonalds,Software & Digital Tools
cardola,Marketing & Advertising
fuel,Purchases
billgym,Co-working Space
billinternet,Entertainment & Media
repair,Restaurants & Food Delivery
vegetables,Insurance Premiums
onlineinternet,Restaurants & Food Delivery
billcharity,Family Support
cardswiggy,Utility Bills Payable
rent,Farm Machinery
cardgym,Bank Accounts
onlineola,Senior Healthcare
paymentpharmacy,TDS Receivable
onlineola,Salary
txnbonus,Purchases
cardelectricity,Fuel
dominos,Rental Income
onlineinvestment,Public Transport / Cabs
mcdonalds,Bank Accounts
txninsurance,Marketing & Advertising
billinvestment,Subscriptions
paymentinternet,Company Stock / ESOPs
internet,Senior Citizen Savings Schemes
diesel,Reimbursements
txngst,Seeds & Fertilizers
paymentfreelance,Farm Machinery
txnzomato,Bonuses & Incentives
billzomato,Work Equipment & Home Office
paymentmedical,Investments
waterbill,Retainer Income
txnflipkart,Agricultural Land
onlinefuel,Office Rent
billbonus,Livestock Feed & Veterinary Care
insurance,Professional Equipment
paymentdiesel,Electricity & Water
paymentspotify,Hostel & Mess Charges
pharmacy,Business Loans
txnpetrol,Harvested Inventory
onlineflipkart,Client Meetings & Travel
paymentinternet,Crop Sales
txnmaintenance,Agricultural Land
txninternet,Client Meetings & Travel
paymentspotify,Family Support
cardswiggy,Interest Income
billinternet,Professional Memberships
paymentgym,Livestock Feed & Veterinary Care
onlinesalary,Agricultural Land
paymentdonation,Bonuses & Incentives
donation,Internet & Phone
txninvestment,Business Loans
clothes,Opening Balance Equity
cardinvestment,Pension Income
paymentflight,Professional Equipment
txngym,Equipment Rental Income
hotel,Inventory / Stock
electronics,GST Input Credit
wifi,Clothing & Personal Care
onlineamazon,Healthcare & Medical
billpetrol,Insurance Premiums
paymentamazon,Loans Payable
shopping,Trade Payables
billinsurance,Senior Insurance Premiums
txnzomato,Electronics & Equipment
onlineschoolfees,Pension Income
cardmcdonalds,Cashbacks & Refunds
paymentpharmacy,Pilgrimage Travel
cardmutualfund,Bonuses & Incentives
tax,Legal & Professional Services
donation,Dividend Income
cardzomato,Travel & Holidays
paymentbonus,Allowances / Pocket Money
txnspotify,Legal & Professional Services
freelance,Employee Salaries
pizza,Internet & Phone
txnelectricity,Hostel & Mess Charges
txnrecharge,Rent / Housing Maintenance
paymentsalary,Service Revenue
cardclothes,Vehicle Maintenance & Tolls
paymentmcdonalds,Clothing & Personal Care
txngasbill,Payment Gateway Fees
collegefees,Digital Wallets
dominos,Livestock
billcollegefees,Subscriptions
txntax,Inventory / Stock
swiggy,Credit Cards
onlineshopping,Employee Salaries
txnconsulting,Opening Balance Equity
paymentmobile,Rent / Housing Maintenance
paymentinternet,Pilgrimage Travel
billmedical,Healthcare & Medical
train,Retainer Income
onlinepharmacy,Exam & Application Fees
billmaintenance,Accounts Receivable
electricity,Crop Loans
onlinegasbill,Electricity & Water
diesel,Crop Loans
billgasbill,Opening Balance Equity
txnrent,Accounts Receivable
paymentrepair,Professional Equipment
shopping,Salary
billburger,Entertainment & Media
